{"client_meta":{"background_color":{"r":0.11764705926179886,"g":0.11764705926179886,"b":0.11764705926179886,"a":1},"thumbnail_size":{"width":179,"height":400},"render_coordinates":{"x":-557,"y":-4953,"width":3297,"height":7359}},"file_name":"Лендинг Синергия"}